{
    "Version": "2012-10-17",
    "Statement": [
        {
            "Sid": "",
            "Effect": "Allow",
            "Principal": {
                "Service": [
                    "codedeploy.us-east-2.amazonaws.com",
                    "codedeploy.us-east-1.amazonaws.com",
                    "codedeploy.us-west-1.amazonaws.com",
                    "codedeploy.us-west-2.amazonaws.com",
                    "codedeploy.eu-west-3.amazonaws.com",
                    "codedeploy.ca-central-1.amazonaws.com",
                    "codedeploy.eu-west-1.amazonaws.com",
                    "codedeploy.eu-west-2.amazonaws.com",
                    "codedeploy.eu-central-1.amazonaws.com",
                    "codedeploy.ap-east-1.amazonaws.com",
                    "codedeploy.ap-northeast-1.amazonaws.com",
                    "codedeploy.ap-northeast-2.amazonaws.com",
                    "codedeploy.ap-southeast-1.amazonaws.com",
                    "codedeploy.ap-southeast-2.amazonaws.com",
                    "codedeploy.ap-south-1.amazonaws.com",
                    "codedeploy.sa-east-1.amazonaws.com"
                ]
            },
            "Action": "sts:AssumeRole"
        }
    ]
}
