{
  "AWSTemplateFormatVersion" : "2010-09-09",
  "Description" : "AWS CloudFormation Sample Template: Sample template that can be used to test EC2 updates. **WARNING** This template creates an Amazon Ec2 Instance. You will be billed for the AWS resources used if you create a stack from this template.",
  "Parameters" : {
    "InstanceType" : {
      "Description" : "WebServer EC2 instance type",
      "Type" : "String",
      "Default" : " t2.nano",
      "AllowedValues" : [ 
        
"t1.micro", 
        "t2.nano",
"t2.micro", 
        "t2.small"
      ],
      "ConstraintDescription" : "must be a valid EC2 instance type."
    }
  },
  "Mappings" : {
    "AWSInstanceType2Arch" : {
"t1.micro"    : { "Arch" : "HVM64"  },
      "t2.nano"     : { "Arch" : "HVM64"  },
      "t2.micro"    : { "Arch" : "HVM64"  },
      "t2.small"    : { "Arch" : "HVM64"  }
    },
    "AWSRegionArch2AMI" : {
      "us-east-1"        : {"HVM64" : "ami-0ff8a91507f77f867", "HVMG2" : "ami-0a584ac55a7631c0c"},
      "us-west-2"        : {"HVM64" : "ami-a0cfeed8", "HVMG2" : "ami-0e09505bc235aa82d"},
      "us-west-1"        : {"HVM64" : "ami-0bdb828fd58c52235", "HVMG2" : "ami-066ee5fd4a9ef77f1"},
      "eu-west-1"        : {"HVM64" : "ami-047bb4163c506cd98", "HVMG2" : "ami-0a7c483d527806435"},
      "eu-west-2"        : {"HVM64" : "ami-f976839e", "HVMG2" : "NOT_SUPPORTED"},
      "eu-west-3"        : {"HVM64" : "ami-0ebc281c20e89ba4b", "HVMG2" : "NOT_SUPPORTED"},
      "eu-central-1"     : {"HVM64" : "ami-0233214e13e500f77", "HVMG2" : "ami-06223d46a6d0661c7"},
      "ap-northeast-1"   : {"HVM64" : "ami-06cd52961ce9f0d85", "HVMG2" : "ami-053cdd503598e4a9d"},
      "ap-northeast-2"   : {"HVM64" : "ami-0a10b2721688ce9d2", "HVMG2" : "NOT_SUPPORTED"},
      "ap-northeast-3"   : {"HVM64" : "ami-0d98120a9fb693f07", "HVMG2" : "NOT_SUPPORTED"},
      "ap-southeast-1"   : {"HVM64" : "ami-08569b978cc4dfa10", "HVMG2" : "ami-0be9df32ae9f92309"},
      "ap-southeast-2"   : {"HVM64" : "ami-09b42976632b27e9b", "HVMG2" : "ami-0a9ce9fecc3d1daf8"},
      "ap-south-1"       : {"HVM64" : "ami-0912f71e06545ad88", "HVMG2" : "ami-097b15e89dbdcfcf4"},
      "us-east-2"        : {"HVM64" : "ami-0b59bfac6be064b78", "HVMG2" : "NOT_SUPPORTED"},
      "ca-central-1"     : {"HVM64" : "ami-0b18956f", "HVMG2" : "NOT_SUPPORTED"},
      "sa-east-1"        : {"HVM64" : "ami-07b14488da8ea02a0", "HVMG2" : "NOT_SUPPORTED"},
      "cn-north-1"       : {"HVM64" : "ami-0a4eaf6c4454eda75", "HVMG2" : "NOT_SUPPORTED"},
      "cn-northwest-1"   : {"HVM64" : "ami-6b6a7d09", "HVMG2" : "NOT_SUPPORTED"}
    }
  },
  "Resources" : {
    "WebServerInstance": {  
      "Type" : "AWS::EC2::Instance",
      "Metadata" : {
        "Comment" : "Install a simple PHP application",
        "AWS::CloudFormation::Init" : {
          "config" : {
            "packages" : {
              "yum" : {
                "httpd"             : [],
                "php"               : []
              }
            },
            "files" : {
              "/var/www/html/index.php" : {
                "content" : { "Fn::Join" : ["", [
                  "<?php\n",
                  "echo '<h1>AWS CloudFormation sample PHP application</h1>';\n",
                  "?>\n"
                ]]},
                "mode"    : "000644",
                "owner"   : "apache",
                "group"   : "apache"
              },
              "/etc/cfn/cfn-hup.conf" : {
                "content" : { "Fn::Join" : ["", [
                  "[main]\n",
                  "stack=", { "Ref" : "AWS::StackId" }, "\n",
                  "region=", { "Ref" : "AWS::Region" }, "\n"
                ]]},
                "mode" : "000400",
                "owner" : "root",
                "group" : "root"
              },
              "/etc/cfn/hooks.d/cfn-auto-reloader.conf" : {
                "content": { "Fn::Join" : ["", [
                  "[cfn-auto-reloader-hook]\n","triggers=post.update\n","path=Resources.WebServerInstance.Metadata.AWS::CloudFormation::Init\n", "action=/opt/aws/bin/cfn-init -s ", { "Ref" : "AWS::StackId" }, " -r WebServerInstance "," --region ", { "Ref" : "AWS::Region" }, "\n",
                  "runas=root\n"
                ]]}
              }
            },
            "services" : {
              "sysvinit" : {
                "httpd"    : { "enabled" : "true", "ensureRunning" : "true" },
                "cfn-hup" : { "enabled" : "true", "ensureRunning" : "true",
                    "files" : ["/etc/cfn/cfn-hup.conf", "/etc/cfn/hooks.d/cfn-auto-reloader.conf"]}
              }
            }
          }
        }
      },
      "Properties": {
        "ImageId" : { "Fn::FindInMap" : [ "AWSRegionArch2AMI", { "Ref" : "AWS::Region" },{ "Fn::FindInMap" : [ "AWSInstanceType2Arch", { "Ref" : "InstanceType" }, "Arch" ] } ] },
        "InstanceType" : { "Ref" : "InstanceType" },
        "SecurityGroups" : [ {"Ref" : "WebServerSecurityGroup"} ],
        "UserData" : { "Fn::Base64" : { "Fn::Join" : ["", [
             "#!/bin/bash -xe\n",
             "yum install -y aws-cfn-bootstrap\n",
             "# Install the files and packages from the metadata\n",
             "/opt/aws/bin/cfn-init -v ",
             "         --stack ", { "Ref" : "AWS::StackName" },
             "         --resource WebServerInstance ",
             "         --region ", { "Ref" : "AWS::Region" }, "\n",
             "# Start up the cfn-hup daemon to listen for changes to the Web Server metadata\n",
             "/opt/aws/bin/cfn-hup || error_exit 'Failed to start cfn-hup'\n",
             "# Signal the status from cfn-init\n",
             "/opt/aws/bin/cfn-signal -e $? ",
             "         --stack ", { "Ref" : "AWS::StackName" },
             "         --resource WebServerInstance ",
             "         --region ", { "Ref" : "AWS::Region" }, "\n"
        ]]}}        
      },
      "CreationPolicy" : {
        "ResourceSignal" : {
          "Timeout" : "PT5M"
        }
      }
    },
    "WebServerSecurityGroup" : {
      "Type" : "AWS::EC2::SecurityGroup",
      "Properties" : {
        "GroupDescription" : "Enable HTTP access via port 80",
        "SecurityGroupIngress" : [
          {"IpProtocol" : "tcp", "FromPort" : "80", "ToPort" : "80", "CidrIp" : "0.0.0.0/0"}
        ]
      }      
    }          
  },
  "Outputs" : {
    "WebsiteURL" : {
      "Description" : "Application URL",
      "Value" : { "Fn::Join" : ["", ["http://", { "Fn::GetAtt" : [ "WebServerInstance", "PublicDnsName" ]}]] }
    }
  }
}
